posting_id,programming,sql,visualisation_bi,reporting,excel,statistics,machine_learning,data_cleaning,etl,data_modelling,cloud,stakeholder_comm,ethics_governance
P001,1,1,1,0,1,0,0,0,0,1,0,1,0
P002,0,1,1,1,1,1,0,1,0,0,0,1,1
P003,1,0,0,0,0,0,0,1,1,1,1,1,1
P004,0,0,0,1,0,0,0,1,0,0,0,1,1
P005,0,0,0,0,0,0,0,1,0,1,1,1,1
P007,0,1,0,0,1,0,0,1,1,1,1,1,1
P008,0,0,0,1,1,1,0,0,0,0,0,1,0
P009,0,1,1,1,1,0,0,1,1,1,1,1,1
P010,1,0,0,0,0,0,0,1,0,0,0,1,1
P012,0,0,0,0,0,0,0,0,0,1,0,1,0
P013,0,0,0,0,0,0,0,0,0,0,0,1,0
P014,1,0,0,1,0,0,0,0,0,0,0,1,0
P015,1,1,1,1,1,0,0,1,0,0,0,1,1
P016,1,1,1,0,1,1,1,1,0,0,0,1,1
P017,0,1,1,1,1,0,0,0,0,1,0,1,0
P018,1,1,1,0,1,0,0,0,0,0,0,1,0
P019,0,0,0,0,0,0,0,0,0,1,0,1,0
P020,0,0,0,1,1,1,0,0,0,0,0,1,0
P021,0,0,0,1,0,1,0,0,0,0,0,1,0
P022,0,0,0,1,1,0,0,0,0,0,0,1,0
P023,0,0,0,1,0,1,0,1,0,0,0,1,1
P024,0,0,0,0,0,0,0,0,0,0,0,1,0
P025,1,0,0,0,0,1,0,0,0,0,0,0,0
P027,0,0,0,1,1,1,0,0,0,0,0,1,0
P028,0,0,0,1,0,1,0,0,0,0,0,1,0
P029,0,0,0,0,0,1,1,0,0,0,0,1,0
P030,0,0,0,0,1,0,0,0,0,0,0,1,0
P031,0,0,0,1,1,1,0,0,0,1,0,1,0
P032,1,1,1,1,1,1,0,1,1,1,1,1,1
P034,0,0,0,1,0,1,0,0,0,0,0,1,0
P035,0,0,0,1,1,1,0,0,0,0,0,1,0
P036,0,0,0,0,0,0,0,0,0,1,0,1,0
P037,0,0,0,1,1,1,0,0,0,0,1,1,0
P039,0,0,0,0,0,1,0,0,0,0,0,1,0
P040,1,0,0,1,0,1,1,1,0,0,0,1,1
P041,0,0,0,1,0,1,0,0,0,0,1,1,0
P042,0,0,0,0,0,0,0,0,0,1,0,1,0
P043,0,0,0,1,0,1,0,0,0,0,0,1,0
P044,1,0,0,1,0,1,0,0,0,1,0,1,0
P045,0,0,0,1,0,1,1,1,1,1,1,1,1
P046,0,0,0,0,0,0,0,0,0,1,0,1,0
P047,0,0,0,0,0,0,0,0,0,1,0,1,0
P048,0,0,0,1,0,0,0,1,0,1,0,1,1
P049,0,1,1,1,1,0,0,1,0,1,0,1,1
P050,0,0,0,1,0,1,0,0,0,0,0,1,0
P051,0,0,0,1,0,0,0,0,0,1,0,1,0
P052,0,0,0,0,0,0,0,0,0,0,0,1,0
P053,0,0,0,0,1,0,0,1,0,0,0,1,1
P054,0,0,0,0,1,0,0,0,1,1,1,1,0
P055,1,0,0,1,0,1,1,0,0,0,0,1,0
P056,0,0,0,1,0,1,1,0,0,1,0,1,0
P057,0,1,1,1,1,0,0,0,0,1,0,1,0
P058,0,0,0,0,0,0,0,0,0,0,0,1,0
P059,1,0,0,1,0,0,0,1,0,0,0,1,1
P060,0,0,0,0,0,0,0,0,0,1,0,1,0
P062,0,1,0,0,1,0,0,0,0,1,0,1,0
P063,0,0,0,0,0,0,0,0,0,1,0,1,0
P064,0,0,0,0,0,0,0,0,0,1,0,1,0
P065,0,1,1,1,1,0,0,0,1,1,1,1,0
P067,0,0,0,1,0,1,0,0,0,0,0,1,0
P068,0,0,0,1,1,1,0,0,0,0,0,1,0
P069,0,1,1,1,1,0,0,0,0,1,0,1,0
P070,0,1,1,1,1,1,0,1,0,1,0,1,1
P071,0,1,0,1,1,1,0,1,0,1,0,1,1
P072,0,0,0,1,0,1,0,0,0,0,0,1,0
P073,0,0,0,1,0,1,0,0,0,0,1,1,0
P074,0,0,0,1,0,0,0,0,0,1,0,1,0
P075,0,1,0,1,0,0,0,0,0,1,0,1,0
P076,0,1,1,1,1,0,0,1,0,1,1,1,1
P077,0,1,1,1,1,0,0,0,0,0,0,1,0
P078,0,1,0,0,0,0,0,0,0,1,0,1,0
P079,0,1,0,1,1,0,0,0,1,1,1,1,0
P080,0,1,1,1,1,1,0,0,1,1,1,1,0
P081,1,0,0,0,0,1,1,0,1,1,1,1,0
P082,0,0,0,0,1,0,0,0,0,0,0,0,0
P085,0,0,0,1,1,1,0,0,0,0,0,1,0
P086,0,0,0,1,1,0,0,1,0,0,0,1,1
P087,0,0,0,1,1,1,0,0,0,0,0,1,0
P088,0,0,0,1,0,0,0,0,0,0,0,1,0
P089,0,0,0,0,1,0,0,0,0,1,0,1,0
P091,0,0,0,1,1,0,0,1,0,0,1,1,1
P092,0,0,0,0,0,0,0,1,0,1,0,1,1
P093,0,0,0,0,0,1,1,0,0,1,0,1,0
P094,0,0,0,0,0,0,0,0,0,1,0,1,0
P095,0,0,0,0,1,0,0,0,0,1,0,1,0
P096,0,0,0,0,0,0,0,0,0,1,1,1,0
P097,0,0,0,0,0,0,0,0,0,1,1,1,0
P098,0,0,0,0,0,0,0,0,0,1,0,1,0
P099,0,0,0,1,1,0,0,1,0,0,1,1,1
P100,0,0,0,1,0,0,0,1,0,1,0,1,1
P102,0,0,0,0,0,0,0,0,0,0,0,1,0
P103,0,0,0,0,0,0,0,0,0,0,0,1,0
P104,0,0,0,1,1,1,0,0,0,0,0,1,0
P106,0,1,1,1,1,1,0,0,0,1,0,1,0
P107,0,1,0,0,0,0,0,0,0,1,0,1,0
P109,0,1,1,1,1,0,0,0,0,1,0,1,0
P110,0,0,0,0,0,0,0,0,0,1,0,1,0
P111,1,1,1,1,1,0,0,1,0,0,0,1,1
P112,1,1,1,1,1,0,0,1,1,1,1,1,1
P113,0,1,1,0,1,0,0,0,0,0,0,1,0
P114,0,1,1,0,1,0,0,0,0,0,0,1,0
P115,0,0,0,1,1,0,0,0,0,1,0,1,0
P116,0,0,0,1,0,0,0,0,0,0,0,1,0
P117,0,1,1,1,1,0,0,0,0,0,0,1,0
P118,0,1,1,0,1,0,0,0,1,1,1,1,0
P119,0,1,1,1,1,0,0,1,0,1,0,1,1
P120,0,1,0,1,1,1,0,0,1,1,1,1,0
P121,0,0,0,0,0,1,0,0,0,0,0,1,0
P122,1,1,1,1,1,0,0,0,0,0,0,1,0
P123,0,0,0,1,1,0,0,0,0,0,0,1,0
P124,1,0,0,0,0,1,0,0,0,0,0,1,0
P125,0,1,1,1,1,0,0,0,0,1,0,1,0
P126,0,0,0,0,0,0,0,0,0,0,0,0,0
P129,1,1,1,0,1,0,0,1,1,1,1,1,1
P130,1,1,1,0,1,0,0,0,1,1,1,0,0
P131,0,0,0,1,0,0,0,1,1,1,1,1,1
P132,0,0,0,1,0,1,0,0,0,0,0,1,0
P133,0,0,0,1,1,1,0,0,0,0,1,1,0
P134,0,0,0,1,0,1,0,0,0,0,0,1,0
P135,1,0,0,0,0,1,1,0,0,0,0,1,0
P136,1,1,1,1,1,0,0,0,1,1,1,1,0
P137,0,1,1,0,1,0,0,1,1,1,1,1,1
P138,0,0,0,0,0,0,0,0,0,1,0,1,0
P139,0,0,0,1,1,0,0,0,0,1,0,1,0
P140,0,1,1,1,1,1,0,0,0,0,0,1,0
P141,0,1,1,0,1,0,0,0,0,1,0,1,0
P142,1,0,0,0,0,1,1,0,0,0,0,0,0
P143,1,0,0,0,0,1,1,0,0,0,0,1,0
P144,1,1,1,1,1,0,0,0,0,0,0,1,0
P145,0,0,0,1,1,1,0,0,0,0,0,1,0
P146,0,0,0,1,0,1,0,0,0,0,1,1,0
P147,0,0,0,1,0,0,0,0,0,1,1,1,0
P148,1,0,0,1,0,1,1,0,0,1,0,1,0
P149,0,0,0,0,0,0,0,0,0,0,1,1,0
P150,0,0,0,1,1,1,0,0,0,0,0,1,0
P151,0,0,0,1,1,1,0,0,0,0,0,1,0
P152,0,0,0,1,0,1,0,0,0,0,0,1,0
P153,0,0,0,1,0,0,0,0,0,1,0,1,0
P154,0,0,0,1,1,1,0,0,0,0,0,1,0
P155,0,0,0,1,0,1,0,0,0,0,0,1,0
P156,0,0,0,0,0,0,0,0,0,1,0,1,0
P157,0,0,0,0,0,0,0,0,0,0,0,0,0
P158,0,1,1,0,1,0,0,0,0,0,0,1,0
P160,0,0,0,0,1,0,0,0,1,1,1,1,0
P161,0,0,0,1,1,0,0,0,0,1,1,1,0
P162,0,0,0,0,0,0,0,0,0,1,0,1,0
P163,0,1,1,0,1,0,0,0,0,0,0,0,0
P164,1,1,1,1,1,0,0,1,1,1,1,1,1
P165,0,1,1,1,1,0,0,0,0,1,0,1,0
P166,0,0,0,0,1,1,0,1,0,1,0,1,1
P167,1,1,1,1,1,1,0,0,0,0,0,1,0
P168,0,0,0,1,0,1,1,0,0,0,0,1,0
P169,1,0,0,0,0,0,0,0,0,0,0,0,0
P170,0,1,1,1,1,1,0,1,0,0,0,1,1
P171,0,0,0,1,0,1,0,1,0,1,0,1,1
P172,0,0,0,0,0,0,0,0,0,0,0,1,0
P173,0,0,0,0,0,0,0,0,0,1,0,1,0
P174,0,0,0,1,0,0,0,0,0,0,0,1,0
P175,0,0,0,1,0,1,0,0,0,0,0,1,0
P176,0,0,0,1,1,1,0,1,0,0,0,1,1
P178,0,0,0,1,1,1,0,0,0,1,0,1,0
P179,0,0,0,1,1,1,0,0,0,0,0,1,0
P180,0,0,0,1,1,0,0,1,0,0,1,1,1
P181,0,0,0,1,1,1,0,0,0,0,0,1,0
P182,0,1,1,1,1,1,0,0,0,1,0,1,0
P183,0,0,0,1,1,1,0,0,0,0,0,1,0
P185,0,0,0,1,1,1,0,0,0,0,0,1,0
P186,0,0,0,1,0,1,0,0,0,0,1,1,0
P187,0,0,0,1,1,1,0,0,0,0,0,1,0
P189,0,0,0,1,0,1,0,0,0,0,1,1,0
P190,0,1,0,1,1,0,0,1,0,1,1,1,1
P191,0,0,0,1,1,1,0,1,0,0,0,1,1
P192,0,0,0,0,0,0,0,1,0,1,0,1,1
P193,0,0,0,1,0,1,0,0,0,0,0,1,0
P194,0,0,0,1,0,1,0,0,0,0,0,1,0
P195,0,0,0,1,0,1,0,0,0,0,0,1,0
P196,0,0,0,1,0,0,0,0,0,0,0,1,0
P197,0,0,0,1,0,0,0,0,0,0,0,1,0
P198,0,0,0,1,1,1,0,1,0,0,0,1,1
P199,0,0,0,1,1,1,0,0,0,0,0,1,0
P200,0,0,0,1,0,1,0,0,0,0,0,1,0
P201,0,0,0,0,1,1,0,0,0,0,1,1,0
P202,0,0,0,1,0,1,0,0,0,0,0,1,0
P204,0,0,0,1,0,0,0,0,0,1,0,1,0
P206,0,0,0,1,0,1,0,0,0,0,1,1,0
P207,0,1,1,1,1,1,0,0,0,0,0,1,0
P208,0,0,0,1,0,0,0,0,0,1,0,1,0
P209,0,0,0,1,0,1,0,0,0,0,0,1,0
P210,0,0,0,1,0,0,0,0,0,0,0,1,0
P211,0,1,1,1,1,0,0,0,0,0,0,1,0
P212,0,0,0,0,1,0,0,0,0,0,0,1,0
P213,0,0,0,1,1,1,0,0,0,0,0,1,0
P214,0,0,0,1,1,1,0,0,0,0,1,1,0
P215,0,1,1,1,1,1,0,0,0,0,0,1,0
P216,0,1,1,1,1,1,0,0,0,1,0,1,0
P217,0,0,0,1,1,0,0,0,0,0,1,1,0
P218,0,0,0,1,0,1,0,0,0,0,0,1,0
P220,0,1,0,1,0,0,0,0,0,1,0,1,0
P221,0,0,0,1,1,1,0,0,0,0,0,1,0
P222,0,0,0,1,1,1,0,1,0,1,0,1,1
P223,0,0,0,1,1,1,0,0,0,0,0,1,0
P224,1,0,0,1,0,0,0,1,1,1,1,1,1
P225,0,1,1,1,1,0,0,1,1,1,1,1,1
P226,0,1,0,1,0,0,0,0,1,1,1,1,0
P227,0,0,0,1,0,0,0,0,0,0,0,1,0
P228,0,1,1,0,1,0,0,0,0,0,0,1,0
P229,0,0,0,0,0,0,0,1,0,0,0,1,1
P230,0,0,0,1,1,0,0,1,0,1,0,1,1
P231,0,0,0,1,1,0,0,1,0,0,0,1,1
P232,0,0,0,1,0,1,0,0,0,0,0,1,0
P233,1,1,1,1,1,1,0,1,0,0,0,1,1
P234,1,0,0,1,0,1,1,1,0,0,0,1,1
P235,0,1,1,0,1,0,0,0,0,1,0,1,0
P236,0,0,0,0,0,0,0,0,0,1,0,1,0
P237,1,1,0,1,1,0,0,1,0,1,0,1,1
P238,1,0,0,0,1,0,0,1,0,0,1,1,1
P239,1,1,1,0,1,0,0,0,0,0,0,0,0
P241,1,0,0,1,1,0,0,0,0,0,0,1,0
P242,0,0,0,1,0,0,0,1,0,0,0,1,1
P243,1,1,1,1,1,1,0,1,0,0,0,1,1
P244,0,0,0,0,0,0,0,0,0,0,0,0,0
P245,1,1,1,1,1,0,0,0,0,0,0,1,0
P246,0,0,0,0,0,0,0,0,0,0,0,0,0
P247,1,1,1,0,1,0,0,1,0,0,0,1,1
P248,0,0,0,1,1,0,0,1,0,0,1,1,1
P250,0,0,0,0,0,0,0,1,1,1,1,1,1
P252,1,1,1,1,1,1,1,0,1,1,1,1,0
P253,0,0,0,0,0,0,0,0,0,0,0,1,0
P254,0,1,1,1,1,0,0,1,0,1,0,1,1
P255,0,0,0,1,1,0,0,1,0,0,0,1,1
P256,1,0,0,1,1,0,0,0,0,0,0,1,0
P257,1,1,1,1,1,0,0,0,0,0,1,1,0
P258,0,1,1,1,1,1,0,1,0,1,0,1,1
P259,0,1,0,1,0,0,0,0,1,1,1,1,0
P260,1,1,1,1,1,0,0,1,0,1,0,1,1
P261,0,0,0,0,0,0,0,0,0,0,0,1,0
P262,1,1,0,1,0,0,0,1,1,1,1,1,1
P263,0,1,1,0,1,0,0,0,0,1,1,1,0
P264,1,0,0,1,0,0,0,0,1,1,1,1,0
P265,0,1,1,1,1,0,0,0,0,0,0,1,0
P266,1,0,0,1,0,0,0,1,1,1,1,1,1
P267,1,1,0,1,0,1,0,0,1,1,1,1,0
P269,1,1,1,0,1,0,0,0,0,1,1,1,0
P270,1,1,1,1,1,0,0,0,0,0,0,1,0
P271,1,1,1,1,1,0,0,1,0,1,0,1,1
P272,0,1,1,1,1,0,0,0,0,0,0,1,0
P273,0,0,0,0,0,0,0,0,0,0,0,1,0
P274,0,0,0,0,0,1,1,0,0,1,0,1,0
P275,0,1,1,1,1,0,0,1,1,1,1,1,1
P276,1,1,1,1,1,0,0,1,0,1,0,1,1
P277,0,1,0,1,1,0,0,0,0,1,0,1,0
P278,1,1,0,0,0,0,0,0,0,1,1,1,0
P279,0,0,0,1,1,1,0,1,0,1,0,1,1
P280,1,0,0,1,0,0,0,0,0,0,0,1,0
P281,0,1,1,1,1,0,0,1,0,1,0,1,1
P282,1,1,0,0,1,0,0,0,0,1,0,0,0
P283,1,0,0,0,0,1,1,0,0,0,1,1,0
P284,0,1,1,0,1,0,0,0,0,1,0,1,0
P285,0,1,1,1,1,0,0,0,0,0,0,1,0
P286,1,1,0,1,0,0,0,1,0,1,0,1,1
P288,0,1,1,0,1,0,0,0,0,1,0,0,0
P290,0,0,0,0,0,0,0,0,0,0,0,0,0
P291,1,1,1,0,1,1,1,1,0,1,0,1,1
P292,0,1,1,1,1,0,0,0,0,1,0,1,0
P293,0,1,1,0,1,0,0,1,0,1,0,1,1
P294,0,1,1,1,1,1,0,1,1,1,1,1,1
P295,0,0,0,1,0,1,0,0,0,0,0,1,0
P296,0,0,0,0,1,0,0,0,0,0,0,0,0
P297,0,0,0,0,1,0,0,0,0,0,0,1,0
P298,0,0,0,1,0,1,0,0,0,0,1,1,0
P299,0,0,0,1,0,1,0,0,0,0,0,1,0
P300,0,0,0,1,0,1,0,0,0,0,0,1,0
P301,0,1,1,1,1,1,0,0,0,0,0,1,0
P302,0,0,0,0,1,0,0,0,0,1,0,1,0
P303,0,1,1,1,1,1,0,0,0,0,0,1,0
P304,0,0,0,1,0,1,0,0,0,0,0,1,0
P305,0,0,0,0,0,0,0,0,0,1,0,1,0
P308,0,0,0,1,1,1,0,0,0,0,1,1,0
P309,0,0,0,1,1,1,0,0,0,0,0,1,0
P310,0,0,0,1,0,1,0,0,0,0,0,1,0
P311,0,0,0,1,1,1,0,0,0,0,0,1,0
P312,0,1,1,1,1,1,0,0,0,0,0,1,0
P313,0,1,1,0,1,1,0,0,0,0,0,1,0
P314,0,0,0,1,0,1,0,0,0,0,0,1,0
P315,0,0,0,1,0,0,0,0,0,0,0,1,0
P316,0,1,0,1,0,0,0,0,0,1,0,1,0
P317,0,0,0,0,0,0,0,0,0,1,0,1,0
P318,0,0,0,0,0,0,0,0,0,1,0,1,0
P319,0,0,0,1,1,1,0,0,0,0,0,1,0
P320,0,0,0,1,1,1,0,0,0,0,0,1,0
P321,0,0,0,0,0,0,0,1,0,0,0,1,1
P322,0,0,0,1,1,0,0,0,0,0,0,1,0
P323,0,0,0,0,1,0,0,0,0,1,1,1,0
P324,0,0,0,1,1,0,0,0,0,0,0,1,0
P325,0,0,0,1,1,1,0,0,0,0,0,1,0
P326,0,0,0,1,1,1,0,0,0,0,0,1,0
P327,0,1,1,1,1,0,0,0,1,1,1,1,0
P328,0,0,0,0,0,0,0,0,0,1,0,1,0
P329,0,0,0,1,1,1,0,0,0,0,1,1,0
P331,0,0,0,1,1,1,0,0,0,1,1,1,0
P332,1,0,0,1,1,1,0,0,0,0,0,1,0
P333,0,0,0,1,0,1,0,0,0,0,0,1,0
P335,0,1,1,1,1,0,0,0,0,1,0,1,0
P336,0,0,0,0,0,0,0,0,0,0,0,1,0
P337,1,1,1,0,1,0,0,0,0,0,0,1,0
P338,0,0,0,1,0,1,0,0,0,0,1,1,0
P339,0,0,0,0,0,0,0,0,0,0,0,1,0
P340,0,0,0,1,1,0,0,1,0,0,0,1,1
P342,0,0,0,1,0,0,0,1,0,1,0,1,1
P343,0,0,0,1,1,1,0,0,0,0,0,1,0
P344,0,0,0,0,0,0,0,0,0,1,0,1,0
P345,0,0,0,0,0,0,0,0,0,1,1,1,0
P347,0,0,0,1,1,1,0,0,0,0,0,1,0
P348,0,1,1,1,1,0,0,0,0,0,0,1,0
P349,0,0,0,1,1,1,0,0,0,0,0,1,0
P351,1,1,1,0,1,0,0,0,0,1,0,0,0
P352,0,0,0,1,1,1,0,0,0,0,1,1,0
P353,0,0,0,0,0,0,0,0,0,1,0,1,0
P355,0,0,0,1,0,1,0,0,0,0,0,1,0
P356,0,0,0,0,0,0,0,0,0,1,0,1,0
P357,0,0,0,0,1,0,0,0,0,1,0,1,0
P358,0,0,0,0,0,0,0,1,0,1,0,1,1
P359,0,0,0,0,0,0,0,0,0,0,0,0,0
P360,0,1,1,1,1,0,0,1,1,1,1,1,1
P362,0,0,0,0,0,0,0,0,0,1,0,1,0
P363,0,0,0,0,0,0,0,0,0,0,0,1,0
P364,0,1,1,1,1,0,0,0,0,0,0,1,0
P365,0,0,0,1,1,0,0,1,0,1,0,1,1
P366,0,1,1,0,1,0,0,1,0,1,0,1,1
P367,0,0,0,1,0,1,0,1,0,0,1,1,1
P369,0,0,0,1,1,0,0,0,0,1,0,1,0
P370,0,0,0,1,1,1,0,0,0,0,0,1,0
P373,0,0,0,1,0,0,0,0,0,1,0,1,0
P375,0,0,0,1,1,1,0,0,0,0,0,1,0
P376,0,1,0,0,0,0,0,0,0,1,0,1,0
P377,0,0,0,1,0,0,0,0,0,1,0,1,0
P378,0,0,0,0,1,0,0,0,0,0,0,0,0
P379,0,0,0,1,1,0,0,1,0,0,0,1,1
P380,0,1,1,1,1,1,0,0,0,1,0,1,0
P381,0,0,0,0,1,0,0,0,1,1,1,1,0
P382,0,0,0,1,0,0,0,0,0,1,0,1,0
P383,0,0,0,0,0,0,0,0,1,1,1,1,0
P384,0,0,0,1,0,0,0,0,0,1,0,1,0
P385,0,0,0,0,0,0,0,0,0,1,0,1,0
P386,0,0,0,1,1,1,0,0,0,0,0,1,0
P387,0,1,0,1,1,1,0,0,0,1,0,1,0
P388,0,0,0,1,0,1,0,1,0,0,0,1,1
P390,0,0,0,0,0,0,0,0,0,1,0,1,0
P391,0,1,0,1,0,0,0,0,1,1,1,1,0
P392,0,0,0,0,0,0,0,1,0,1,0,1,1
P393,0,0,0,0,0,0,0,0,0,0,0,1,0
P394,0,0,0,1,0,0,0,1,1,1,1,1,1
P395,0,0,0,1,0,0,0,0,0,1,0,1,0
P396,0,1,1,1,1,1,0,0,0,0,1,1,0
P397,0,0,0,1,0,1,0,0,0,0,1,1,0
P398,0,0,0,1,1,1,0,0,0,0,0,1,0
P399,0,0,0,1,0,1,0,0,0,0,0,1,0
P400,0,0,0,1,0,1,0,0,0,0,0,1,0
P401,1,0,0,1,1,1,0,1,0,1,0,1,1
P402,0,1,1,1,1,1,0,1,0,0,0,1,1
P403,0,0,0,1,0,0,0,0,0,1,0,1,0
P404,0,1,1,1,1,1,0,0,0,0,0,1,0
P405,0,0,0,1,0,1,0,0,0,0,0,1,0
P407,0,0,0,0,1,0,0,0,0,1,0,1,0
P408,1,0,0,1,0,1,1,0,0,1,0,1,0
P409,0,0,0,0,0,0,0,0,0,1,0,1,0
P410,0,0,0,1,0,1,0,1,0,1,0,1,1
P411,1,1,0,1,0,1,1,0,1,1,1,1,0
P412,0,0,0,0,0,0,0,0,0,0,0,0,0
P413,0,0,0,0,0,0,0,0,0,1,0,1,0
P414,0,0,0,1,0,1,0,0,0,0,0,1,0
P415,0,0,0,1,0,1,0,0,0,0,0,1,0
P416,0,0,0,0,0,0,0,0,0,0,1,1,0
P417,0,0,0,0,0,0,0,0,0,1,0,1,0
P418,0,0,0,1,0,0,0,1,0,1,0,1,1
P419,0,0,0,1,0,0,0,0,0,0,0,1,0
P421,0,1,1,1,1,0,0,0,0,1,0,1,0
P422,1,0,0,1,0,1,1,1,1,1,1,1,1
P423,0,0,0,0,0,1,0,0,0,1,0,1,0
P424,0,0,0,1,0,0,0,0,0,1,0,1,0
P426,0,0,0,0,1,0,0,0,0,1,0,1,0
P427,0,0,0,0,0,0,0,0,1,1,1,1,0
P428,0,0,0,0,0,0,0,0,0,1,0,1,0
P429,0,0,0,0,0,0,0,0,1,1,1,1,0
P430,0,0,0,0,0,0,0,0,0,1,0,1,0
P432,0,1,1,1,1,0,0,0,1,1,1,1,0
P433,0,0,0,1,0,0,0,0,0,1,0,1,0
P434,0,0,0,1,0,1,0,0,0,0,1,1,0
P435,0,0,0,1,1,1,0,0,0,0,0,1,0
P437,1,0,0,1,0,1,1,0,0,0,0,1,0
P438,0,0,0,1,0,1,0,0,0,0,0,1,0
P439,1,0,0,0,0,0,0,0,0,0,0,1,0
P440,0,1,1,1,1,0,0,0,0,0,1,1,0
P442,0,1,1,1,1,1,0,0,1,1,1,1,0
P443,0,0,0,0,0,0,0,0,0,0,0,0,0
P444,0,0,0,0,0,0,0,0,0,0,0,1,0
P445,0,0,0,1,1,1,0,1,0,0,1,1,1
P446,0,0,0,1,1,1,0,0,0,0,0,1,0
P447,0,0,0,1,1,0,0,1,0,0,0,1,1
P448,0,0,0,1,1,1,0,0,0,0,0,1,0
P449,0,0,0,1,1,1,0,0,0,0,0,1,0
P450,0,0,0,1,1,1,0,0,0,0,0,1,0
P451,0,1,1,1,1,0,0,1,0,1,0,1,1
P452,0,0,0,1,1,1,0,0,0,0,0,1,0
P455,0,1,1,1,1,0,0,1,0,1,0,1,1
P456,0,0,0,0,0,0,0,0,0,1,0,1,0
P458,0,1,1,0,1,1,0,0,0,0,0,1,0
P459,0,0,0,0,1,0,0,0,1,1,1,1,0
P460,0,0,0,0,0,0,0,0,0,1,1,1,0
P461,0,0,0,0,0,0,0,1,0,1,0,1,1
P462,0,0,0,0,0,0,0,0,0,0,0,1,0
P463,0,1,1,1,1,0,0,1,1,1,1,1,1
P464,1,1,1,1,1,0,0,1,1,1,1,1,1
P465,0,0,0,1,0,1,0,0,0,0,0,1,0
P466,0,0,0,1,0,1,1,0,0,0,0,1,0
P467,0,0,0,1,1,1,0,0,0,0,0,1,0
P468,0,0,0,1,1,1,0,0,0,0,0,1,0
P469,0,0,0,1,1,1,0,0,0,0,0,1,0
P470,0,0,0,1,1,1,0,0,0,0,0,1,0
P472,0,0,0,1,1,1,0,0,0,0,0,1,0
P473,0,0,0,1,0,1,0,0,0,0,0,1,0
P474,0,0,0,1,1,1,0,0,0,0,0,1,0
P475,0,0,0,1,1,1,0,0,0,0,0,1,0
P476,0,0,0,1,0,1,0,0,0,0,0,1,0
P477,0,1,1,1,1,0,0,1,1,1,1,1,1
P478,1,1,1,1,1,0,0,0,0,1,0,1,0
P480,1,1,1,1,1,1,1,0,0,0,0,1,0
P481,0,0,0,1,1,0,0,0,0,1,0,1,0
P482,0,0,0,0,0,0,0,0,0,0,0,1,0
P483,1,0,0,1,0,0,0,0,1,1,1,1,0
P484,1,0,0,1,0,0,0,1,0,0,0,1,1
P485,0,1,0,1,0,0,0,1,1,1,1,1,1
P486,1,0,0,0,0,0,0,0,0,0,0,0,0
P487,0,1,1,1,1,0,0,0,0,0,0,1,0
P488,0,0,0,1,0,1,0,0,0,0,0,1,0
P489,1,1,1,0,1,0,0,0,1,1,1,1,0
P490,1,1,1,1,1,0,0,1,0,0,0,1,1
P491,0,0,0,0,0,0,0,1,0,0,0,1,1
P492,0,0,0,0,0,0,0,0,0,0,0,1,0
P493,0,1,1,1,1,0,0,0,0,1,0,0,0
P494,0,1,1,1,1,0,0,1,1,1,1,1,1
P497,0,0,0,0,0,1,0,0,0,0,0,1,0
P498,0,1,0,1,0,1,0,1,1,1,1,1,1
P499,0,0,0,1,0,0,0,1,0,0,0,1,1
P501,0,1,1,1,1,0,0,1,0,1,0,1,1
P502,0,0,0,1,0,0,0,0,0,0,0,0,0
P504,1,0,0,1,0,0,0,1,0,0,0,1,1
P505,0,1,1,0,1,0,0,0,0,1,0,1,0
P506,1,0,0,0,0,1,1,0,0,0,0,0,0
P507,1,1,1,1,1,0,0,0,1,1,1,1,0
P508,0,0,0,0,0,0,0,0,0,0,0,0,0
P509,0,0,0,0,1,0,0,1,1,1,1,1,1
P510,1,1,1,0,1,0,0,1,1,1,1,1,1
P511,0,0,0,1,1,1,0,0,0,0,0,0,0
P512,0,0,0,0,0,0,0,1,0,0,0,1,1
P515,1,1,1,1,1,1,1,1,1,1,1,1,1
P516,1,1,1,1,1,0,0,1,0,1,0,1,1
P517,0,1,0,1,0,0,0,0,0,1,0,1,0
P518,1,0,0,1,0,0,0,1,0,0,0,1,1
P519,0,1,1,1,1,0,0,0,0,0,0,1,0
P520,0,1,0,1,1,0,0,1,1,1,1,1,1
P521,0,1,1,0,1,0,0,1,1,1,1,1,1
P522,0,1,0,1,0,0,0,0,0,1,0,1,0
P523,0,0,0,1,0,0,0,1,0,1,0,1,1
P524,0,1,1,1,1,0,0,0,0,0,0,1,0
P525,1,0,0,1,1,0,0,1,0,0,0,1,1
P526,1,1,1,0,1,0,0,0,0,0,0,0,0
P527,0,0,0,0,0,0,0,0,1,1,1,0,0
P528,0,1,0,0,1,0,0,0,0,1,0,0,0
P530,0,1,1,0,1,0,0,0,1,1,1,1,0
P531,0,0,0,0,0,0,0,0,0,0,0,0,0
P532,1,0,0,1,0,1,0,1,1,1,1,1,1
P533,0,1,1,0,1,0,0,1,1,1,1,1,1
P534,0,0,0,0,0,0,0,0,0,1,0,1,0
P535,0,0,0,1,0,0,0,0,0,1,0,1,0
P536,0,0,0,1,0,0,0,0,0,0,0,1,0
P537,0,0,0,0,0,0,0,1,1,1,1,1,1
P538,1,0,0,0,0,1,0,0,0,0,0,1,0
P539,0,1,1,1,1,1,0,0,0,1,0,1,0
P540,0,1,0,0,0,0,0,0,0,1,0,1,0
P541,1,1,1,1,1,0,0,0,0,0,0,1,0
P542,0,1,1,0,1,0,0,0,0,0,0,1,0
P543,0,1,1,1,1,0,0,0,1,1,1,1,0
P544,0,1,1,0,1,0,0,1,0,1,0,1,1
P545,0,0,0,1,0,1,0,0,0,0,0,1,0
P546,1,1,1,1,1,1,1,0,0,0,0,1,0
P547,0,0,0,1,1,1,0,0,0,0,0,1,0
P549,1,1,1,1,1,0,0,1,1,1,1,1,1
P550,0,0,0,1,0,0,0,0,0,1,0,1,0
P551,1,0,0,0,0,1,1,0,0,1,1,1,0
P552,0,0,0,1,1,1,0,0,0,1,0,1,0
P554,0,0,0,1,1,1,0,0,0,0,0,1,0
P555,0,1,1,1,1,1,0,0,0,0,0,1,0
P556,0,0,0,1,1,1,0,0,0,0,0,1,0
P557,0,0,0,1,0,1,0,0,0,0,0,1,0
P558,0,0,0,1,0,0,0,0,0,0,1,1,0
P560,0,0,0,1,1,1,0,0,1,1,1,1,0
P563,1,1,0,1,0,0,0,1,0,1,0,1,1
P564,0,0,0,0,0,0,0,0,0,1,0,1,0
P565,0,0,0,0,0,0,0,0,0,1,0,1,0
P566,0,0,0,1,1,0,0,0,0,0,0,1,0
P567,0,1,0,1,1,0,0,0,0,1,0,1,0
P568,0,0,0,0,1,0,0,0,0,0,0,1,0
P570,0,0,0,0,0,0,0,0,0,1,0,1,0
P571,0,0,0,0,0,0,0,0,0,1,0,0,0
P572,0,0,0,1,0,0,0,0,0,0,0,1,0
P573,0,1,1,1,1,1,0,0,0,0,0,1,0
P574,0,0,0,0,1,0,0,0,1,1,1,1,0
P575,0,0,0,0,0,0,0,0,0,1,0,1,0
P576,0,0,0,1,1,1,0,0,0,0,0,1,0
P577,0,0,0,0,0,0,0,0,0,0,0,1,0
P578,0,0,0,0,1,0,0,0,0,1,0,1,0
P579,0,0,0,1,0,0,0,0,0,0,0,1,0
P580,0,0,0,0,1,0,0,0,0,1,0,1,0
P581,0,0,0,1,1,1,0,0,0,0,0,1,0
P583,0,0,0,1,0,1,0,0,0,0,1,1,0
P584,0,0,0,1,0,1,0,0,0,0,0,1,0
P585,0,0,0,1,0,1,0,0,0,0,1,1,0
P586,0,0,0,0,0,1,0,0,0,0,0,1,0
P589,0,1,1,1,1,0,0,0,0,1,1,1,0
P590,0,0,0,1,0,1,0,0,0,0,0,1,0
P591,0,0,0,0,0,0,0,0,0,0,0,0,0
P592,0,1,1,1,1,0,0,1,0,1,0,1,1
P594,0,0,0,0,0,0,0,0,0,0,0,1,0
P595,0,0,0,1,0,0,0,1,0,0,0,1,1
P597,0,1,1,1,1,0,0,1,0,1,0,1,1
P599,1,0,0,0,0,0,0,0,0,0,0,1,0
P600,0,0,0,0,0,0,0,0,0,0,0,0,0
P601,1,1,1,1,1,0,0,1,1,1,1,1,1
P602,0,1,1,1,1,1,0,0,0,0,0,1,0
P603,0,0,0,1,1,1,0,0,0,0,0,1,0
P604,0,0,0,1,0,1,0,0,0,0,1,1,0
P605,0,0,0,1,0,1,0,0,0,0,0,1,0
P606,0,0,0,1,1,1,0,0,0,0,0,1,0
P607,0,0,0,1,1,1,0,0,0,0,0,1,0
P608,0,0,0,1,0,0,0,0,0,0,0,1,0
P609,0,0,0,1,1,1,0,0,0,0,0,1,0
P610,0,0,0,1,1,1,0,0,0,0,0,1,0
P612,0,0,0,1,0,1,0,0,0,0,1,1,0
P613,0,0,0,1,0,1,0,0,0,0,0,1,0
P614,0,0,0,1,0,1,0,0,0,0,0,1,0
P615,0,0,0,1,1,1,0,0,0,0,0,1,0
P616,0,0,0,1,1,1,0,0,0,0,0,1,0
P617,0,0,0,1,1,1,0,0,0,0,0,1,0
P618,0,0,0,1,1,0,0,0,0,0,0,1,0
P619,0,0,0,1,0,1,0,0,0,0,0,1,0
P621,0,0,0,0,1,1,0,0,0,0,0,1,0
P622,0,1,0,1,1,1,0,0,0,1,0,1,0
P623,0,0,0,1,0,1,0,0,0,1,1,1,0
P624,0,0,0,1,0,0,0,0,0,1,1,1,0
P625,0,0,0,1,0,0,0,0,0,0,0,1,0
P626,0,0,0,1,0,1,0,0,0,1,0,1,0
P627,1,0,0,0,0,0,0,0,0,0,1,0,0
P628,0,0,0,1,0,1,1,0,1,1,1,1,0
P629,0,1,0,0,0,0,0,0,0,1,1,1,0
P630,0,0,0,0,0,0,0,0,0,1,0,1,0
P631,1,0,0,1,0,1,0,1,0,1,0,1,1
P632,0,0,0,0,0,0,0,0,0,0,0,1,0
P633,0,0,0,1,0,1,0,0,0,1,0,1,0
P634,0,0,0,0,0,0,0,0,0,1,0,1,0
P635,0,0,0,0,0,0,0,0,0,0,1,0,0
P636,0,0,0,1,0,1,0,0,0,0,0,1,0
P637,0,0,0,1,0,0,0,0,0,0,0,1,0
P638,0,0,0,0,0,0,0,0,0,1,0,1,0
P639,0,0,0,1,1,1,0,0,1,1,1,1,0
P640,0,0,0,1,0,0,0,0,0,0,1,1,0
P641,0,0,0,0,0,0,0,0,0,0,0,1,0
P642,0,0,0,0,0,0,0,0,0,0,0,1,0
P643,0,0,0,0,0,0,0,0,0,1,0,1,0
P644,0,0,0,0,0,1,0,0,0,1,0,1,0
P645,0,0,0,1,0,0,0,0,0,1,0,1,0
P646,0,0,0,0,0,0,0,0,0,1,0,1,0
P647,0,0,0,0,0,0,0,0,0,1,0,1,0
P648,0,0,0,0,0,0,0,0,0,0,0,1,0
P649,0,0,0,0,0,0,0,0,0,1,0,1,0
P650,0,0,0,1,0,0,0,1,0,1,1,1,1
P652,0,0,0,0,0,0,0,0,0,0,0,1,0
P653,0,0,0,1,1,1,0,0,0,0,0,1,0
P654,0,0,0,1,0,1,0,0,0,0,0,1,0
P655,0,0,0,1,0,0,0,1,1,1,1,1,1
P656,0,0,0,0,0,0,0,0,0,1,0,1,0
P657,0,1,0,1,0,0,0,1,0,1,1,1,1
P658,0,0,0,0,0,0,0,0,0,0,0,0,0
P659,0,0,0,0,0,0,0,0,0,1,0,1,0
P660,0,0,0,0,0,0,0,0,0,1,1,1,0
P661,0,0,0,0,0,0,0,0,0,1,1,1,0
P664,0,0,0,1,0,0,0,1,0,1,0,1,1
P666,0,0,0,1,0,0,0,0,0,1,0,1,0
P667,0,0,0,0,0,0,0,0,0,0,0,1,0
P668,1,1,0,1,0,0,0,0,0,1,0,1,0
P669,0,0,0,0,0,0,0,0,0,0,0,1,0
P670,0,0,0,1,0,0,0,0,0,1,0,1,0
P671,0,0,0,0,0,1,0,0,0,0,0,1,0
P672,0,0,0,0,0,1,0,1,0,1,0,1,1
P673,0,0,0,0,0,0,0,0,0,1,0,1,0
P674,0,0,0,1,1,0,0,0,0,1,0,1,0
P675,0,0,0,0,0,0,0,0,0,1,0,1,0
P676,0,0,0,0,0,0,0,0,0,0,1,1,0
P677,0,0,0,0,0,0,0,0,0,1,0,1,0
P678,0,0,0,0,0,0,0,0,0,1,0,1,0
P679,0,0,0,0,0,0,0,0,0,0,1,0,0
P680,0,1,0,1,0,1,0,1,1,1,1,1,1
P681,1,0,0,1,1,1,0,0,0,0,0,1,0
P682,0,1,1,0,1,0,0,0,0,1,0,1,0
P683,0,0,0,0,0,0,0,0,0,1,0,1,0
P684,0,0,0,0,1,0,0,0,0,1,0,1,0
P686,0,1,1,1,1,1,0,0,0,0,0,1,0
P687,0,0,0,1,1,0,0,0,0,0,0,1,0
P688,0,0,0,1,0,0,0,0,0,1,0,1,0
P690,0,1,1,1,1,0,0,0,0,1,1,1,0
P691,0,1,1,1,1,1,0,0,0,0,0,1,0
P692,0,0,0,1,0,1,0,0,0,0,0,1,0
P693,0,1,1,1,1,1,0,0,0,0,0,1,0
P694,0,0,0,0,0,0,0,0,0,0,0,1,0
P695,0,0,0,1,1,1,0,0,0,0,0,1,0
P696,0,0,0,0,0,0,0,0,0,1,0,1,0
P697,0,1,0,0,0,0,0,0,0,1,0,1,0
P698,0,1,1,1,1,0,0,0,0,1,0,1,0
P699,0,0,0,0,0,0,0,0,0,1,0,1,0
P700,0,0,0,0,1,0,0,0,0,1,0,1,0
P701,0,1,1,1,1,0,0,1,0,0,0,1,1
P702,0,1,0,0,0,0,0,1,0,1,0,1,1
P703,0,1,0,1,0,1,1,0,0,1,0,1,0
P704,0,0,0,0,0,0,0,0,0,0,0,1,0
P705,0,0,0,0,0,0,0,0,0,1,0,1,0
P706,0,0,0,1,0,1,0,1,0,0,0,1,1
P707,0,0,0,0,0,0,0,0,0,0,1,1,0
P708,0,0,0,1,0,0,0,0,0,0,0,1,0
P709,0,1,0,0,1,0,0,0,1,1,1,1,0
P710,0,0,0,0,0,0,0,1,0,1,0,1,1
P711,0,0,0,0,0,1,1,0,0,1,0,1,0
P712,0,0,0,0,0,0,0,0,0,1,0,1,0
P713,0,0,0,1,0,0,0,0,0,1,0,1,0
P714,0,1,1,1,1,1,0,0,0,0,0,1,0
P715,1,1,1,1,1,0,0,0,1,1,1,1,0
P716,0,0,0,0,0,0,0,0,0,0,0,1,0
P717,0,0,0,1,0,0,0,0,0,1,0,1,0
P718,0,1,0,0,0,0,0,1,0,1,0,1,1
P719,0,0,0,0,0,0,0,0,0,1,0,1,0
P720,0,0,0,0,0,0,0,0,0,1,0,1,0
P721,0,0,0,1,0,1,0,1,0,1,0,1,1
P723,0,0,0,0,0,0,0,0,0,1,0,1,0
P724,0,0,0,1,0,0,0,0,0,0,0,1,0
P725,0,0,0,0,0,0,0,0,0,1,0,1,0
P726,0,0,0,1,0,0,0,0,1,1,1,1,0
P727,0,0,0,0,0,0,0,0,0,0,1,1,0
P728,0,0,0,1,0,0,0,0,0,0,1,1,0
P729,0,0,0,0,0,0,0,0,0,1,0,1,0
P730,0,0,0,0,0,0,0,0,0,1,0,1,0
P731,0,0,0,1,0,0,0,0,0,1,0,1,0
P732,0,0,0,0,0,0,0,0,0,1,0,0,0
P733,0,0,0,0,0,0,0,0,0,1,0,1,0
P734,0,0,0,0,0,0,0,0,1,1,1,1,0
P735,1,1,0,0,0,0,0,1,1,1,1,1,1
P736,1,0,0,0,0,1,1,1,1,1,1,1,1
P737,0,0,0,0,0,0,0,0,0,0,0,1,0
P738,0,0,0,1,0,1,0,0,0,0,0,1,0
P739,0,1,1,1,1,1,0,0,0,0,0,1,0
P740,0,1,1,1,1,1,0,0,0,0,0,1,0
P741,0,0,0,0,0,0,0,0,0,1,0,1,0
P742,0,0,0,0,0,0,0,0,0,0,0,1,0
P743,0,0,0,0,0,0,0,0,0,1,0,1,0
P744,1,1,1,0,1,0,0,0,0,0,0,0,0
P746,0,1,1,1,1,1,0,0,0,1,0,1,0
P747,0,0,0,1,0,1,0,0,0,0,0,1,0
P748,0,0,0,0,0,0,0,0,0,1,0,1,0
P749,0,0,0,1,0,1,0,0,0,0,0,1,0
P750,0,0,0,1,1,1,0,0,0,1,0,1,0
P751,1,0,0,0,0,1,1,1,1,1,1,1,1
P752,0,0,0,0,0,1,0,0,0,1,0,1,0
P753,0,1,1,1,1,0,0,0,0,0,1,1,0
P755,0,0,0,1,1,1,0,0,0,0,0,1,0
P756,1,1,1,1,1,1,0,1,1,1,1,1,1
P757,0,0,0,0,0,0,0,0,0,0,0,1,0
P758,0,1,1,1,1,1,1,0,1,1,1,1,0
P759,1,0,0,0,0,1,1,0,1,1,1,1,0
P760,0,1,1,1,1,0,0,1,0,1,0,1,1
P761,0,0,0,1,1,1,0,1,0,0,0,1,1
P762,1,0,0,0,0,1,1,0,1,1,1,1,0
P763,1,1,0,0,0,0,0,1,1,1,1,1,1
P764,0,0,0,1,0,0,0,0,0,1,0,1,0
P765,0,0,0,1,0,1,0,0,0,1,0,1,0
P766,0,0,0,1,0,1,0,0,1,1,1,1,0
P768,1,1,0,0,0,0,0,1,1,1,1,1,1
P769,1,1,1,1,1,0,0,1,1,1,1,1,1
P770,0,0,0,0,0,0,0,0,0,1,1,1,0
P771,0,0,0,1,0,1,0,0,0,0,0,1,0
P772,0,1,1,0,1,0,0,0,0,0,0,1,0
P773,0,0,0,1,1,0,0,0,0,0,0,1,0
P774,0,0,0,0,0,1,1,0,0,0,0,0,0
P776,0,0,0,0,0,0,0,0,0,1,0,1,0
P777,0,0,0,0,0,0,0,0,0,1,1,1,0
P779,0,1,1,1,1,0,0,0,0,0,0,1,0
P780,0,1,1,0,1,1,0,1,0,0,0,1,1
P781,0,0,0,1,0,1,0,0,0,0,0,1,0
P782,0,0,0,1,1,0,0,1,0,0,0,1,1
P783,0,0,0,1,0,1,0,0,0,0,0,1,0
P784,1,0,0,1,0,1,1,1,1,1,1,1,1
P785,0,1,1,1,1,1,0,0,0,0,0,1,0
P786,0,0,0,0,0,0,0,0,0,0,0,1,0
P788,0,0,0,0,1,0,0,0,0,1,1,1,0
P789,0,1,1,0,1,1,1,0,0,1,0,1,0
P790,0,0,0,0,0,0,0,0,0,1,0,1,0
P791,0,0,0,1,0,0,0,0,0,0,0,1,0
P793,0,0,0,1,1,0,0,0,0,0,0,1,0
P794,0,0,0,0,0,0,0,0,0,1,0,1,0
P795,0,0,0,1,1,1,0,0,0,0,0,1,0
P796,1,0,0,0,0,0,0,0,1,1,1,1,0
P797,0,0,0,0,0,0,0,0,0,0,0,1,0
P798,0,0,0,1,0,1,0,0,0,0,1,1,0
P800,0,0,0,0,0,0,0,0,0,1,0,1,0
P801,0,1,1,1,1,0,0,0,0,0,0,1,0
P802,0,1,1,0,1,0,0,0,0,0,0,1,0
P804,0,1,0,0,0,0,0,0,0,1,0,1,0
P805,0,0,0,1,0,1,0,0,0,0,0,1,0
P806,0,0,0,0,0,1,0,0,0,0,0,1,0
P807,0,0,0,0,0,0,0,0,0,1,1,1,0
P809,0,0,0,1,1,0,0,0,0,0,0,1,0
P810,0,0,0,0,0,0,0,0,0,1,0,1,0
P811,1,1,0,1,0,0,0,0,0,1,0,1,0
P812,0,0,0,0,0,0,0,1,0,1,0,1,1
P813,1,1,1,0,1,0,0,0,1,1,1,1,0
P816,0,0,0,0,0,0,0,0,0,1,0,1,0
P817,0,1,1,1,1,0,0,1,0,0,0,1,1
P818,1,0,0,1,0,0,0,0,1,1,1,1,0
P819,0,0,0,1,0,0,0,0,0,0,0,1,0
P821,0,0,0,1,0,0,0,1,0,0,0,1,1
P822,0,0,0,1,0,1,0,0,0,0,0,1,0
P824,0,0,0,1,1,0,0,0,0,0,0,1,0
P825,0,1,1,1,1,1,0,1,0,0,0,1,1
P826,0,0,0,1,0,1,0,0,0,0,1,1,0
P827,1,0,0,1,0,1,0,0,0,0,1,1,0
P828,0,0,0,0,0,0,0,0,1,1,1,1,0
P830,0,0,0,1,0,1,0,0,0,0,0,1,0
P832,1,0,0,1,0,1,1,1,0,0,0,1,1
P833,0,0,0,0,0,0,0,0,0,1,0,1,0
P834,0,1,0,0,0,0,0,1,1,1,1,1,1
P835,0,0,0,1,0,0,0,0,1,1,1,1,0
P836,0,0,0,1,0,0,0,0,0,0,0,1,0
P838,1,1,1,1,1,1,1,0,0,0,0,1,0
P839,0,0,0,1,0,1,0,0,0,0,0,1,0
P840,0,1,1,1,1,1,0,0,0,0,0,0,0
P841,0,0,0,1,0,1,0,0,0,0,0,1,0
P842,0,0,0,1,1,0,0,0,0,0,0,1,0
P843,0,0,0,0,0,1,1,0,0,0,0,0,0
P844,0,1,0,1,1,1,0,0,0,1,0,1,0
P845,0,0,0,0,0,0,0,0,0,0,0,0,0
P846,0,0,0,0,0,0,0,0,0,1,1,1,0
P847,0,0,0,0,0,0,0,0,0,0,0,0,0
P848,0,0,0,1,1,0,0,0,0,0,0,0,0
P849,0,0,0,0,0,0,0,0,0,1,0,1,0
P850,0,1,0,1,0,0,0,0,0,1,0,1,0
P851,0,0,0,1,1,1,0,0,0,0,0,1,0
P852,0,0,0,1,0,0,0,0,0,0,0,1,0
P853,0,1,1,1,1,0,0,0,0,0,0,1,0
P854,0,0,0,0,0,0,0,0,0,1,0,1,0
P855,0,0,0,1,0,1,0,0,0,0,0,1,0
P856,0,0,0,0,0,1,0,1,0,0,0,1,1
P858,0,1,0,0,0,0,0,1,1,1,1,1,1
P859,0,1,1,1,1,1,0,0,0,0,0,1,0
P860,0,0,0,0,0,0,0,0,0,1,0,1,0
P861,1,1,0,0,0,1,1,0,0,1,0,1,0
P862,0,0,0,1,0,0,0,0,0,0,0,1,0
P863,0,0,0,1,1,0,0,0,0,0,0,1,0
P864,0,0,0,1,1,1,0,0,0,0,0,1,0
P865,0,0,0,1,1,1,1,0,0,0,0,1,0
P866,1,1,1,1,1,0,0,1,0,1,0,1,1
P867,1,1,1,0,1,1,1,1,0,1,0,1,1
P868,0,0,0,0,0,0,0,0,1,1,1,1,0
P872,0,0,0,0,0,0,0,0,0,1,0,1,0
P874,0,1,1,1,1,0,0,1,1,1,1,1,1
P875,0,1,1,0,1,0,0,0,0,1,0,1,0
P877,0,0,0,1,0,1,1,0,0,1,0,1,0
P878,0,0,0,1,1,1,0,0,0,0,0,1,0
P879,0,1,1,0,1,1,1,0,0,1,0,1,0
P880,0,1,1,0,1,0,0,0,0,1,0,1,0
P881,0,0,0,1,1,1,0,0,0,0,0,1,0
P882,0,0,0,0,0,0,0,0,0,1,0,1,0
P883,0,0,0,0,0,0,0,0,0,0,0,1,0
P884,0,1,1,0,1,0,0,0,0,1,1,1,0
P885,1,1,1,1,1,1,0,1,1,1,1,1,1
P886,0,0,0,1,0,1,0,0,0,0,0,1,0
P887,1,0,0,0,0,0,0,0,0,1,0,1,0
P888,0,1,1,1,1,1,1,0,0,0,0,1,0
P889,0,1,1,1,1,0,0,1,0,1,0,1,1
P890,0,1,1,1,1,0,0,0,1,1,1,0,0
P891,0,1,1,1,1,1,0,0,0,0,0,1,0
P892,0,0,0,0,0,0,0,0,0,1,0,1,0
P893,0,1,1,1,1,1,0,0,0,0,0,1,0
P894,0,0,0,0,0,0,0,0,0,0,0,1,0
P895,0,0,0,0,0,0,0,0,0,1,0,1,0
P896,1,1,1,1,1,0,0,0,1,1,1,1,0
P897,1,1,0,1,1,0,0,1,0,1,0,1,1
P898,0,1,1,1,1,0,0,1,0,1,0,1,1
P899,0,0,0,1,1,0,0,0,0,0,0,1,0
P900,0,1,0,1,0,0,0,0,1,1,1,1,0
P901,0,0,0,0,0,0,0,0,0,1,0,1,0
P902,1,0,0,1,0,1,0,0,0,0,0,1,0
P903,0,0,0,0,0,1,1,0,0,0,0,1,0
P904,0,0,0,1,0,1,0,0,0,0,0,1,0
P905,0,1,1,0,1,0,0,0,0,1,0,1,0
P906,0,0,0,1,0,1,0,0,0,0,0,1,0
P907,1,0,0,1,0,0,0,0,1,1,1,1,0
P908,0,1,1,1,1,0,0,1,1,1,1,1,1
P909,1,1,0,0,0,1,1,0,1,1,1,1,0
P910,0,0,0,1,0,0,0,0,0,0,0,1,0
P911,0,0,0,0,0,0,0,0,0,1,0,1,0
P912,0,0,0,0,0,0,0,0,0,1,1,1,0
P913,0,0,0,0,0,0,0,0,0,0,1,1,0
P915,1,0,0,0,0,0,0,0,0,1,0,1,0
P916,0,0,0,1,0,1,1,1,0,0,0,1,1
P917,0,0,0,0,1,0,0,0,0,0,0,1,0
P918,0,0,0,1,1,1,0,1,0,0,1,1,1
P919,0,0,0,0,0,0,0,0,0,0,0,1,0
P920,0,0,0,1,0,1,0,0,0,0,0,1,0
P922,0,0,0,1,0,1,0,0,0,0,0,1,0
P923,0,0,0,0,0,0,0,0,0,0,0,1,0
P925,0,0,0,1,1,0,0,1,0,1,1,1,1
P926,0,0,0,1,1,1,0,1,0,0,0,1,1
P927,0,0,0,1,0,1,0,0,0,0,1,1,0
