topic,programming,sql,visualisation_bi,reporting,excel,statistics,machine_learning,data_cleaning,etl,data_modelling,cloud,stakeholder_comm,ethics_governance
0,0.0814,0.0343,0.1243,0.1133,-0.0337,0.0462,0.0601,0.0473,0.0452,0.1053,0.0262,0.1262,0.1323
1,0.1632,0.1163,0.4002,0.3472,0.2325,0.2809,0.198,0.2074,0.3052,0.2841,0.2534,0.1705,0.2771
2,0.1925,0.1021,0.1332,0.185,0.1899,0.1171,0.2093,0.154,0.1331,0.1726,0.1754,0.1257,0.1792
3,0.2169,0.1531,0.2013,0.2128,0.1334,0.1928,0.2287,0.1071,0.1401,0.2178,0.2481,0.0493,0.1495
4,0.1169,0.0333,0.0578,0.1257,-0.0012,0.0738,0.1021,0.0821,0.0463,0.1398,0.0665,0.0887,0.0587
5,0.2128,0.1642,0.1573,0.22,0.1263,0.118,0.1234,0.0156,0.1136,0.2211,0.0697,0.2009,0.0456
6,0.2079,0.1366,0.1732,0.2149,0.1339,0.2085,0.1539,0.0641,0.1353,0.1983,0.1137,0.094,0.1032
7,0.1414,0.0767,0.1108,0.2281,0.0392,0.1595,0.1796,-0.004,0.1332,0.1434,0.0225,0.1007,0.0571
8,0.2797,0.2866,0.5966,0.3556,0.4679,0.2158,0.1661,0.3246,0.4413,0.3342,0.3198,0.1136,0.26
9,0.2241,0.0823,0.182,0.1702,0.3509,0.1572,0.1584,0.1022,0.1517,0.144,0.1877,0.0147,0.0909
10,0.1099,0.0317,0.1203,0.1351,0.1406,0.2884,0.1345,0.0552,0.169,0.1388,0.1804,-0.0695,0.2226
11,0.1973,0.1121,0.1755,0.1875,0.1149,0.1665,0.202,0.0244,0.1212,0.1524,0.1416,0.0924,0.1089
12,0.1945,0.2011,0.3068,0.5025,0.2975,0.4114,0.1961,0.1862,0.2266,0.2679,0.0775,0.1826,0.1589
13,0.2009,0.0755,0.1439,0.2056,0.1888,0.1451,0.1235,-0.0201,0.1593,0.2061,0.1533,0.1935,0.0019
14,0.1706,0.0886,0.2522,0.3112,0.2043,0.282,0.1709,0.0579,0.1502,0.1497,0.1,0.2143,0.1617
15,0.2108,0.0538,0.1892,0.1691,0.1047,0.1347,0.2107,0.1296,0.215,0.1602,0.2453,0.2172,0.2073
16,0.3368,0.1251,0.2916,0.3433,0.281,0.1712,0.2158,0.163,0.3272,0.3812,0.183,0.2301,0.1665
17,0.1534,0.1417,0.229,0.3297,0.185,0.5332,0.3073,0.0553,0.1278,0.2189,0.071,0.0428,0.1326
18,0.1072,0.0672,0.0873,0.1716,0.0077,0.0935,0.1763,0.1117,0.1209,0.2007,0.0905,0.1105,0.1275
19,0.216,0.0968,0.1343,0.3064,0.0989,0.0481,0.1062,0.1035,0.1113,0.1741,0.0783,0.2252,0.1042
20,0.1321,0.1828,0.1181,0.0838,0.1456,0.1378,0.147,0.0563,0.0765,0.129,0.1866,0.0295,0.0823
21,0.1521,0.0511,0.1985,0.314,0.1001,0.2197,0.1751,0.0753,0.0812,0.1813,0.1076,0.1574,0.0881
22,0.0909,0.0694,0.2383,0.2128,0.078,0.1085,0.1256,0.4053,0.1959,0.261,0.2108,0.252,0.4739
23,0.2365,0.1634,0.3851,0.2328,0.2628,0.3514,0.2928,0.2711,0.2965,0.3393,0.2031,0.0769,0.2881
24,0.3772,0.2514,0.3712,0.2613,0.2945,0.198,0.221,0.2198,0.4008,0.3471,0.4238,0.1388,0.2435
25,0.1971,0.1442,0.1319,0.2134,0.1942,0.1649,0.1535,0.1368,0.1803,0.2272,0.1693,0.0896,0.2179
26,0.1473,0.1261,0.1976,0.3024,0.1329,0.2716,0.2096,0.1041,0.1873,0.2298,0.0892,0.1736,0.1411
27,0.1855,0.2036,0.3125,0.456,0.22,0.3383,0.1705,0.0893,0.188,0.1933,0.0917,0.2467,0.1831
28,0.0985,0.097,0.2742,0.2907,0.1397,0.0992,0.1327,0.0753,0.2328,0.2872,0.1484,0.5372,0.2143
29,0.1757,0.1162,0.0815,0.1685,0.0391,0.1527,0.1409,0.0344,0.0609,0.15,0.1194,0.1296,0.143
30,0.0874,0.1499,0.128,0.142,0.0023,0.1204,0.1864,0.1628,0.0443,0.1351,0.139,0.122,0.1231
31,0.2146,0.0835,0.2998,0.3217,0.2839,0.2494,0.1445,0.0949,0.233,0.2053,0.1378,0.2178,0.1627
32,0.1612,0.1321,0.223,0.2131,0.1284,0.1515,0.098,0.018,0.142,0.1788,0.1374,0.2504,0.0867
33,0.5677,0.2539,0.2277,0.1667,0.2431,0.2151,0.1602,0.115,0.2753,0.2209,0.2045,0.0036,0.1217
34,0.1373,0.2148,0.4266,0.6833,0.2254,0.3181,0.1878,0.2676,0.3036,0.3631,0.1554,0.4426,0.3453
35,0.1267,0.1029,0.1722,0.1895,0.1057,0.3234,0.1976,0.0694,0.1358,0.1209,0.0909,0.1607,0.1614
36,0.1121,0.1441,0.2327,0.192,0.0702,0.2611,0.1922,0.0913,0.1621,0.1773,0.139,0.0861,0.2083
37,0.2281,0.1696,0.1695,0.161,0.1587,0.1518,0.1604,0.1081,0.1212,0.2723,0.1204,0.1644,0.1342
38,0.1499,0.0806,0.117,0.1125,0.1432,0.1111,0.0918,0.0787,0.0527,0.1617,0.0789,-0.007,0.0793
39,0.2513,0.1882,0.2363,0.3155,0.1879,0.1584,0.2109,0.1033,0.2266,0.3803,0.1804,0.3129,0.1337
40,0.0958,0.0164,0.051,0.1673,0.0394,0.0751,0.1222,-0.0158,0.0654,0.1262,0.036,0.1674,0.0015
41,0.1775,0.1196,0.156,0.1989,0.1628,0.143,0.0966,0.1025,0.0738,0.1584,0.0749,0.0255,0.085
42,0.1789,0.1382,0.2174,0.2618,0.0706,0.2527,0.1709,0.0815,0.1423,0.1686,0.0941,0.1774,0.0593
43,0.0521,0.044,0.1084,0.1408,0.0015,0.1401,0.1353,0.0423,0.1049,0.077,0.0702,0.1667,0.2291
44,0.4008,0.1366,0.1656,0.1969,0.2906,0.1568,0.1547,0.1278,0.2741,0.2819,0.1801,0.1907,0.116
45,0.1007,0.1124,0.1063,0.1328,0.0693,0.1397,0.2058,0.093,0.0487,0.2101,0.0709,0.0749,0.0689
46,0.2001,0.0535,0.0829,0.1398,-0.0344,0.0541,0.0843,0.1272,0.0789,0.079,0.1449,0.115,0.1033
47,0.1688,0.169,0.2621,0.278,0.1859,0.2362,0.153,0.105,0.2034,0.223,0.1269,0.1846,0.0884
48,0.1717,0.1625,0.2105,0.2298,0.1414,0.1505,0.1839,0.2376,0.1003,0.2455,0.0928,0.0975,0.0591
49,0.1452,0.1196,0.1546,0.2053,0.1284,0.1352,0.1209,0.0788,0.0884,0.15,0.1142,0.0969,0.1547
50,0.1551,0.1018,0.3979,0.3799,0.2349,0.3118,0.2337,0.2157,0.2361,0.2687,0.2156,0.1178,0.1834
51,0.3161,0.0976,0.3988,0.2821,0.2774,0.2473,0.2715,0.1374,0.3592,0.3891,0.1489,0.1137,0.1253
52,0.0807,0.0762,0.1534,0.261,0.0397,0.1134,0.0799,0.0692,0.0977,0.1728,0.1156,0.5841,0.1456
53,0.1137,0.0528,0.0657,0.1635,0.022,0.1167,0.1475,-0.0244,-0.0184,0.0438,0.0648,0.0973,0.0186
54,0.1751,0.1107,0.1902,0.2424,0.1698,0.1103,0.1623,0.0251,0.2582,0.224,0.1526,0.2441,0.0404
55,0.056,0.1195,0.1072,0.1045,-0.0221,0.0389,0.0965,0.1002,0.0416,0.1054,0.1278,0.1989,0.2064
56,0.0635,0.057,0.0532,0.0231,0.0284,0.0457,0.1388,0.0043,0.0461,0.0569,0.2084,0.0255,0.216
57,0.3154,0.1338,0.1904,0.2156,0.1727,0.1993,0.2454,0.0492,0.0942,0.1765,0.1259,0.0613,0.0012
58,0.1219,0.1246,0.2522,0.2311,0.183,0.2816,0.2212,0.0902,0.1623,0.2381,0.1339,0.1481,0.1492
59,0.1035,0.1679,0.1309,0.1281,0.163,0.1304,0.0812,0.1216,0.0807,0.1603,0.1167,0.0788,0.2157
60,0.1191,0.1941,0.1501,0.1289,0.0862,0.1408,0.1142,0.0984,0.1565,0.1658,0.2133,0.172,0.2004
61,0.1871,0.202,0.3134,0.3363,0.2357,0.3503,0.2407,0.1176,0.257,0.2547,0.1082,0.1353,0.1382
62,0.0667,0.1328,0.1616,0.1464,0.0652,0.0858,0.1715,0.2378,0.1843,0.2415,0.1916,0.1983,0.132
63,0.1879,0.2292,0.2838,0.3934,0.3053,0.1882,0.1219,0.2319,0.2003,0.2994,0.1853,0.1347,0.2414
64,0.2181,0.1662,0.1993,0.1942,0.1438,0.0593,0.1004,0.0694,0.1299,0.1286,0.1185,0.1147,0.1875
65,0.2852,0.5403,0.3828,0.2589,0.1938,0.2324,0.1775,0.2801,0.37,0.376,0.2157,-0.007,0.2426
66,0.0843,0.0588,0.1618,0.2147,0.0449,0.0636,0.0829,0.0719,0.1493,0.236,0.0706,0.4956,0.1645
67,0.2896,0.1692,0.1644,0.2046,0.2193,0.1814,0.1445,0.1134,0.1585,0.2544,0.0785,0.0935,0.114
68,0.1601,0.0922,0.1927,0.2243,0.1411,0.1962,0.1151,0.1552,0.148,0.1145,0.0523,0.1984,0.2001
69,0.1776,0.1227,0.2237,0.3974,0.1836,0.2044,0.2007,0.0658,0.1918,0.2814,0.1955,0.2756,0.0655
70,0.2161,0.1567,0.3318,0.3977,0.2174,0.1473,0.1363,0.1952,0.2869,0.3242,0.2211,0.1363,0.2384
71,0.2617,0.0481,0.2328,0.1564,0.2101,0.4054,0.5333,0.086,0.2068,0.1846,0.2357,0.0357,0.1966
72,0.1148,0.0544,0.1463,0.2161,0.036,0.1062,0.1158,0.1619,0.1744,0.1539,0.1407,0.1891,0.4079
73,0.3386,0.1254,0.2625,0.3657,0.2495,0.1187,0.1953,0.1964,0.2758,0.3249,0.1901,0.2455,0.1457
74,0.2646,0.1495,0.45,0.2919,0.2943,0.2257,0.2357,0.2762,0.7456,0.3752,0.3692,0.1231,0.2251
75,0.1379,0.2444,0.3073,0.2608,0.1914,0.1853,0.1529,0.3116,0.1915,0.2779,0.1647,0.0952,0.327
76,0.1539,0.067,0.2206,0.2561,0.1091,0.2588,0.2521,0.0597,0.1543,0.1821,0.1856,0.2759,0.2039
77,0.091,0.106,0.2156,0.2535,0.1916,0.1651,0.1445,0.1174,0.2183,0.2211,0.159,0.1062,0.2339
78,0.1305,0.0807,0.1574,0.2324,0.0843,0.1305,0.1624,0.0411,0.0845,0.2024,0.1197,0.1365,0.0395
79,0.1586,0.0415,0.0444,0.0664,0.0354,0.0533,0.0737,0.0681,-0.0042,0.1067,0.0541,0.0848,0.0004
80,0.1295,0.1341,0.1691,0.1969,0.1861,0.3008,0.2167,0.1194,0.0607,0.1749,0.1252,-0.0068,0.0425
81,0.222,0.1217,0.2481,0.2838,0.2314,0.2834,0.2792,0.1012,0.2571,0.2932,0.2384,0.2796,0.155
82,0.1884,0.159,0.4722,0.4299,0.3249,0.286,0.1828,0.2782,0.2787,0.2956,0.328,0.1272,0.3067
83,0.1475,0.1219,0.1783,0.1816,0.0832,0.0745,0.1565,0.1016,0.1481,0.2059,0.1774,0.3373,0.1868
84,0.1439,0.0512,0.1165,0.1321,0.1011,0.0685,0.1025,0.0575,0.0681,0.1641,0.0661,0.0492,0.0967
85,0.1326,0.0709,0.1915,0.2555,0.1384,0.0722,0.1282,0.141,0.1268,0.1341,0.0707,0.1593,0.1226
86,0.151,0.0891,0.1361,0.284,0.1283,0.2414,0.2126,0.0532,0.171,0.2008,0.1244,0.2015,0.1351
87,0.1454,0.0464,0.1369,0.1717,-0.0013,0.0549,0.1155,0.0376,0.1028,0.1123,0.024,0.157,0.0841
88,0.1335,0.0353,0.0215,-0.0834,-0.028,0.0663,0.1226,0.042,0.025,0.0447,0.0743,0.0111,0.0189
89,0.1947,0.092,0.2313,0.2413,0.239,0.4655,0.4166,0.0264,0.1947,0.3272,0.1311,0.0928,0.1506
90,0.1429,0.1093,0.2301,0.2196,0.1009,0.1953,0.1659,0.1483,0.1724,0.1509,0.1337,0.0754,0.0847
91,0.1011,0.0665,0.049,0.0728,0.0502,0.0619,0.0718,0.0381,0.0296,0.1177,0.0715,0.0937,-0.0055
92,0.1994,0.1015,0.2344,0.3215,0.1947,0.2048,0.1898,0.1984,0.2326,0.2265,0.1985,0.216,0.1311
93,0.2144,0.0895,0.1952,0.3101,0.125,0.145,0.1711,0.0878,0.1468,0.2514,0.1718,0.2716,0.0719
94,0.1601,0.143,0.2598,0.2925,0.1992,0.1632,0.1394,0.0824,0.2242,0.211,0.1719,0.2112,0.0875
95,0.2238,0.2626,0.2826,0.2905,0.1866,0.2047,0.1763,0.1652,0.3045,0.3624,0.1353,0.2718,0.2497
96,0.1548,0.0547,0.1436,0.1172,0.0505,0.0254,0.0887,0.1349,0.1003,0.1248,0.1009,0.084,0.0956
97,0.0824,0.116,0.1809,0.1946,0.0951,0.1089,0.1471,0.1993,0.1081,0.1407,0.1986,0.2024,0.4419
98,0.0753,0.067,0.1304,0.1699,0.0162,0.0358,0.1505,0.0932,0.1181,0.1302,0.1673,0.0685,0.262
99,0.213,0.0666,0.0639,0.0798,0.0283,0.0434,0.1153,0.0687,-0.0093,0.0697,0.0606,0.1826,0.0034
100,0.1427,0.135,0.1715,0.174,0.0769,0.2074,0.1555,0.1382,0.119,0.2033,0.1258,0.1422,0.256
101,0.1918,0.1332,0.583,0.4177,0.283,0.2771,0.2774,0.2554,0.3665,0.3221,0.2642,0.2211,0.2719
102,0.2012,0.0626,0.0346,0.1123,-0.0144,0.0462,0.1216,0.03,-0.0008,0.0289,0.0513,0.0931,-0.0519
103,0.188,0.004,0.0928,0.1073,0.1037,0.1026,0.1489,0.0462,0.0447,0.1747,0.1112,0.151,0.0595
104,0.1092,0.0918,0.0426,0.0462,0.0482,0.0449,0.0278,0.0432,0.0753,0.1052,-0.0159,0.0873,0.0604
